id,created_iso,subreddit,matched_job,matched_keyword,title,selftext
1,2024-01-15T10:30:00Z,EngineeringStudents,software engineer,stress,"Struggling with interviews","I've been preparing for tech interviews for months but keep failing the coding rounds. The pressure is getting unbearable."
2,2024-01-16T14:25:00Z,India,product manager,anxiety,"Placement season anxiety","Everyone in my batch is getting placed and I'm still searching. The constant comparison is making me feel worthless."
3,2024-01-17T09:15:00Z,IndianStudents,consultant,exam pressure,"Exam season blues","Exams are starting next week and I haven't even started studying. The panic is setting in."
4,2024-01-18T16:45:00Z,EngineeringStudents,data scientist,skill gap,"Feeling inadequate","I don't have the skills that companies are looking for. Everyone else seems so much better."
5,2024-01-19T11:20:00Z,India,business analyst,family expectations,"Parent pressure","My parents expect me to get into a top company but I'm struggling. I feel like I'm disappointing them."
6,2024-01-20T13:10:00Z,IndianStudents,analyst,burnout,"Burned out","Between internships, side projects, and college, I have no time for myself. I'm exhausted."
7,2024-01-21T10:05:00Z,EngineeringStudents,engineer,financial stress,"Money problems","I can't afford coaching and my family can't support me either. It's a tough situation."
8,2024-01-22T15:30:00Z,India,manager,relationship issues,"Breakup during placement","Just got broken up with during placement season. Need support and guidance."
9,2024-01-23T08:50:00Z,IndianStudents,developer,isolation,"Feeling alone","Everyone around me seems to have a plan but I don't. Feeling isolated and confused."
10,2024-01-24T12:15:00Z,EngineeringStudents,engineer,positive,"Good news!","Just received an offer from my dream company! Hard work paid off."
11,2024-01-25T09:40:00Z,India,analyst,toxic environment,"Bad work culture","My current role has a toxic boss and I'm considering leaving. The stress is affecting my health."
12,2024-01-26T14:20:00Z,IndianStudents,consultant,guidance needed,"Confused about career","I don't know which domain to choose. There are too many options and I'm paralyzed."
13,2024-01-27T11:35:00Z,EngineeringStudents,software engineer,imposter syndrome,"Not good enough","I got the job but I feel like a fraud. Everyone else knows so much more."
14,2024-01-28T16:00:00Z,India,product manager,paper leaks,"Paper leak stress","The leaked papers have us all confused about what will be asked. Extra pressure."
15,2024-01-29T10:25:00Z,IndianStudents,developer,hopelessness,"Losing hope","I've been trying for so long with no success. Sometimes I feel like giving up."
16,2024-01-30T13:45:00Z,EngineeringStudents,engineer,academic pressure,"Too much coursework","With 6 courses and 2 projects, I don't know how to manage everything."
17,2024-01-31T09:10:00Z,India,analyst,health issues,"Health and stress","My health is suffering because of the constant stress. Anxiety and sleep deprivation."
18,2024-02-01T15:15:00Z,IndianStudents,consultant,career uncertainty,"Future unclear","I don't know what I want to do after college. Should I do MBA or work?"
19,2024-02-02T12:50:00Z,EngineeringStudents,engineer,low self-esteem,"Self doubt","I keep comparing myself to toppers and feel like I'm not smart enough."
20,2024-02-03T08:30:00Z,India,product manager,frustration,"Frustrated with system","The education system doesn't teach practical skills. Why are we wasting time?"
